{"Arterial Blood Pressure diastolic": {"mu": 59.752294976457435, "std": 29.55203820141989}, "Temperature Fahrenheit": {"mu": 98.72489845133278, "std": 7.6323061625203765}, "Non Invasive Blood Pressure mean": {"mu": 99.15176970800522, "std": 6813.171131965575}, "Non Invasive Blood Pressure systolic": {"mu": 120.80452784889664, "std": 22.339306191791145}, "Arterial Blood Pressure systolic": {"mu": 122.39269019714112, "std": 23.529302124868025}, "Heart Rate": {"mu": 86.22810989355418, "std": 17.781126172340063}, "Non Invasive Blood Pressure diastolic": {"mu": 65.22928215662549, "std": 195.95182366187527}, "Arterial Blood Pressure mean": {"mu": 80.8695784148398, "std": 19.792086806588486}}