{"Lactic Acid": {"mu": 187.64858941132917, "std": 13604.449762620037}, "Differential-Eos": {"mu": 1.4903846153846156, "std": 3.8086487079115257}, "Glucose (serum)": {"mu": 427.97111534795044, "std": 16906.413142168116}, "CK-MB": {"mu": 23.95965865011637, "std": 54.63755959717915}, "Platelet Count": {"mu": 308.64274202213386, "std": 10363.692604826738}, "Anion gap": {"mu": 14.814654767496478, "std": 4.255345753634498}, "Alkaline Phosphate": {"mu": 135.80587337909992, "std": 146.23759205261763}, "Differential-Monos": {"mu": 5.6387820512820515, "std": 5.722519543597674}, "Glucose (whole blood)": {"mu": 535.8529294539658, "std": 19957.416541562787}, "PH (dipstick)": {"mu": 5.927361853832442, "std": 0.7468472003827543}, "Arterial O2 pressure": {"mu": 131.5239795032829, "std": 77.34209593359849}, "TCO2 (calc) Arterial": {"mu": 25.337235865219874, "std": 6.138947120049863}, "WBC": {"mu": 121.64516410424162, "std": 10441.48295387284}, "PH (Arterial)": {"mu": 7.3831182055869, "std": 0.08892191123199966}, "Arterial CO2 Pressure": {"mu": 41.14304068522484, "std": 10.92553912502747}, "Prothrombin time": {"mu": 1008.8914172316852, "std": 31483.457012404582}, "Sodium (serum)": {"mu": 138.80314019967574, "std": 5.959650746501778}, "INR": {"mu": 1158.5655123966942, "std": 33995.29685736681}, "Differential-Neuts": {"mu": 77.61434294871796, "std": 15.840370903787754}, "CK (CPK)": {"mu": 2682.6542923433876, "std": 9380.59746424139}, "Hematocrit (serum)": {"mu": 125.49669626659029, "std": 9770.804386511458}, "Ionized Calcium": {"mu": 202.56118049959713, "std": 14191.864236343848}, "Hemoglobin": {"mu": 109.20281997815509, "std": 9964.084696321892}, "Differential-Basos": {"mu": 0.2342147435897436, "std": 0.33594612669152296}, "BUN": {"mu": 408.3093280408279, "std": 19438.883377456248}, "Potassium (whole blood)": {"mu": 432.0848523748396, "std": 20681.18663942621}, "PH (Venous)": {"mu": 7.352883617494441, "std": 0.0961030254252349}, "Specific Gravity (urine)": {"mu": 6393.699412785388, "std": 79698.19249766237}, "AST": {"mu": 308.6214499252616, "std": 1241.1845000651929}, "PTT": {"mu": 360.18306911857957, "std": 17802.52129192013}, "Troponin-T": {"mu": 0.728643109540636, "std": 2.016174349332125}, "Albumin": {"mu": 2.94, "std": 0.6251413229343964}, "Creatinine (serum)": {"mu": 1.5665817770232033, "std": 1.590591143320707}, "Chloride (serum)": {"mu": 190.20211576502967, "std": 9272.60831952402}, "HCO3 (serum)": {"mu": 23.96437623204731, "std": 5.137013290411213}, "Arterial Base Excess": {"mu": -0.48108493932905066, "std": 5.471967935226652}, "ALT": {"mu": 206.77238805970148, "std": 674.7157735361433}, "Glucose finger stick (range 70-100)": {"mu": 153.88203607311465, "std": 62.11691510378672}, "Differential-Lymphs": {"mu": 11.305048076923077, "std": 10.721582826195517}, "Total Bilirubin": {"mu": 3.2501300631735415, "std": 5.5937112142520915}, "Calcium non-ionized": {"mu": 8.325957707631014, "std": 0.8023915974545353}, "Magnesium": {"mu": 2.0988758647194468, "std": 0.3961620313390406}, "LDH": {"mu": 709.039408866995, "std": 1673.1344837036056}, "Phosphorous": {"mu": 3.5190114453560213, "std": 1.4429002254628716}, "Potassium (serum)": {"mu": 4.068016436948891, "std": 0.6358958852051405}}